glyph_unified	src_ref
	D2-0011
	D2-0012
	D2-0013
	D2-0014
璉	D2-0021
	D2-0022
	D2-0023
	D2-0031
	D2-0032
	D2-0033
	D2-0034
	D2-0041
	D2-0042
	D2-0043
	D2-0044
	D2-0045
	D2-0046
	D2-0051
	D2-0052
	D2-0053
	D2-0054
	D2-0055
	D2-0056
	D2-0061
	D2-0062
	D2-0063
	D2-0064
樓	D2-0071
凉	D2-0072
	D2-0073
	D2-0074
	D2-0075
讀	D2-0076
	D2-0081
	D2-0082
	D2-0083
	D2-0084
	D2-0091
	D2-0092
	D2-0093
	D2-0094
	D2-0095
	D2-0096
	D2-0101
	D2-0102
烈	D2-0111
了	D2-0121
辰	D2-0122
料	D2-0123
燎	D2-0124
	D2-0125
	D2-0131
	D2-0132
劉	D2-0133
杻	D2-0141
	D2-0142
隆	D2-0143
痢	D2-0144
	D2-0151
利	D2-0152
吏	D2-0153
柳	D2-0154
	D2-0155
陸	D2-0161
	D2-0162
	D2-0163
流	D2-0171
	D2-0172
	D2-0173
	D2-0174
	D2-0175
	D2-0181
	D2-0182
	D2-0183
	D2-0184
	D2-0185
	D2-0186
	D2-0187
	D2-0191
	D2-0192
	D2-0193
	D2-0194
	D2-0195
來	D2-0201
	D2-0202
	D2-0203
淚	D2-0204
	D2-0205
勞	D2-0211
	D2-0212
	D2-0221
	D2-0222
	D2-0223
	D2-0224
	D2-0225
	D2-0231
	D2-0232
	D2-0233
	D2-0241
	D2-0242
	D2-0243
	D2-0244
	D2-0245
	D2-0251
	D2-0252
	D2-0253
麗	D2-0254
	D2-0255
	D2-0256
	D2-0257
	D2-0261
	D2-0271
	D2-0272
	D2-0273
	D2-0274
	D2-0281
	D2-0282
罹	D2-0283
	D2-0291
	D2-0311
	D2-0312
	D2-0313
	D2-0321
	D2-0322
	D2-0323
	D2-0331
	D2-0332
	D2-0333
	D2-0341
	D2-0342
	D2-0351
	D2-0352
	D2-0353
	D2-0361
	D2-0371
	D2-0372
	D2-0373
省	D2-0374
	D2-0381
	D2-0382
	D2-0383
	D2-0384
	D2-0385
	D2-0386
	D2-0387
拏	D2-0401
	D2-0402
	D2-0441
倫	D2-0442
漏	D2-0451
	D2-0452
	D2-0461
秊	D2-0462
	D2-0463
	D2-0464
	D2-0465
	D2-0471
	D2-0472
	D2-0473
	D2-0474
	D2-0475
	D2-0476
	D2-0481
	D2-0482
	D2-0483
	D2-0484
	D2-0485
	D2-0491
	D2-0492
	D2-0501
	D2-0502
	D2-0503
	D2-0504
	D2-0505
	D2-0511
	D2-0512
	D2-0513
	D2-0521
	D2-0522
	D2-0531
	D2-0532
	D2-0541
	D2-0542
	D2-0543
若	D2-0544
	D2-0545
	D2-0551
	D2-0552
珞	D2-0553
敖	D2-0554
	D2-0555
	D2-0561
	D2-0562
	D2-0571
	D2-0572
	D2-0573
	D2-0574
	D2-0581
裏	D2-0582
	D2-0583
	D2-0584
	D2-0585
	D2-0586
	D2-0587
	D2-0591
里	D2-0592
	D2-0593
	D2-0594
	D2-0595
	D2-0601
	D2-0602
	D2-0603
	D2-0604
	D2-0605
	D2-0606
	D2-0607
	D2-0611
	D2-0612
	D2-0613
	D2-0614
	D2-0621
	D2-0622
	D2-0623
栗	D2-0624
	D2-0625
	D2-0631
	D2-0632
	D2-0633
	D2-0634
	D2-0635
	D2-0636
	D2-0641
	D2-0642
	D2-0643
	D2-0644
	D2-0651
	D2-0652
	D2-0653
盧	D2-0661
蘭	D2-0662
	D2-0701
亂	D2-0711
	D2-0712
	D2-0713
	D2-0721
	D2-0722
	D2-0723
老	D2-0724
晴	D2-0725
	D2-0726
	D2-0727
	D2-0728
	D2-0731
	D2-0732
	D2-0733
	D2-0741
	D2-0742
	D2-0743
	D2-0744
	D2-0751
	D2-0752
	D2-0753
	D2-0754
溜	D2-0755
阮	D2-0756
	D2-0761
	D2-0762
	D2-0763
	D2-0764
	D2-0765
靈	D2-0771
	D2-0772
	D2-0773
	D2-0774
	D2-0775
	D2-0781
	D2-0782
	D2-0791
	D2-0792
	D2-0793
	D2-0794
	D2-0801
	D2-0802
	D2-0803
	D2-0804
	D2-0811
療	D2-0812
	D2-0813
	D2-0821
獵	D2-0822
	D2-0823
	D2-0824
	D2-0831
	D2-0832
	D2-0833
	D2-0834
	D2-0835
蓼	D2-0841
虜	D2-0861
	D2-0871
	D2-0881
鸞	D2-0882
	D2-0883
	D2-0911
	D2-0912
累	D2-0913
	D2-0914
	D2-0921
	D2-0922
	D2-0923
	D2-0924
	D2-0925
	D2-0926
	D2-0927
	D2-0951
	D2-0952
	D2-0961
	D2-0962
	D2-0963
便	D2-0964
	D2-0965
	D2-0971
	D2-0972
	D2-0973
	D2-0974
	D2-0975
魯	D2-0981
鷺	D2-1001
嵐	D2-1002
易	D2-1011
	D2-1021
	D2-1022
	D2-1023
縷	D2-1024
	D2-1031
	D2-1032
	D2-1033
	D2-1034
	D2-1041
	D2-1042
	D2-1051
碌	D2-1061
	D2-1062
	D2-1063
	D2-1071
	D2-1072
	D2-1073
	D2-1074
力	D2-1081
諾	D2-1082
	D2-1083
	D2-1084
留	D2-1091
	D2-1092
	D2-1093
	D2-1101
	D2-1102
紐	D2-1111
李	D2-1112
	D2-1113
	D2-1114
	D2-1121
	D2-1131
	D2-1132
	D2-1141
	D2-1142
	D2-1143
勵	D2-1144
	D2-1145
	D2-1146
	D2-1151
復	D2-1152
	D2-1161
	D2-1171
	D2-1172
	D2-1181
賈	D2-1182
	D2-1191
殺	D2-1192
	D2-1193
	D2-1194
	D2-1201
	D2-1202
	D2-1203
	D2-1204
	D2-1221
	D2-1222
呂	D2-1223
曆	D2-1231
女	D2-1232
	D2-1233
	D2-1241
	D2-1242
	D2-1243
祿	D2-1244
藍	D2-1251
	D2-1261
綠	D2-1262
	D2-1263
	D2-1264
	D2-1271
	D2-1281
淪	D2-1282
襤	D2-1283
拉	D2-1284
串	D2-1285
車	D2-1291
	D2-1292
	D2-1293
	D2-1294
	D2-1295
	D2-1301
聯	D2-1302
	D2-1311
	D2-1312
	D2-1313
	D2-1321
	D2-1322
	D2-1323
	D2-1331
	D2-1332
	D2-1333
	D2-1334
	D2-1341
	D2-1342
泌	D2-1343
	D2-1351
	D2-1352
	D2-1353
	D2-1354
	D2-1355
	D2-1356
	D2-1371
	D2-1372
	D2-1373
	D2-1374
	D2-1375
	D2-1376
	D2-1381
	D2-1382
	D2-1383
	D2-1384
	D2-1385
	D2-1386
	D2-1391
	D2-1392
	D2-1393
	D2-1394
	D2-1401
離	D2-1402
	D2-1403
數	D2-1411
	D2-1412
	D2-1413
	D2-1421
	D2-1422
	D2-1423
	D2-1424
	D2-1431
句	D2-1432
蘿	D2-1433
龜	D2-1434
梨	D2-1441
匿	D2-1442
璘	D2-1471
	D2-1472
	D2-1473
	D2-1474
	D2-1475
	D2-1481
	D2-1482
	D2-1483
	D2-1484
裂	D2-1485
	D2-1486
	D2-1491
	D2-1492
	D2-1501
	D2-1502
	D2-1503
	D2-1504
	D2-1505
	D2-1511
	D2-1512
	D2-1513
	D2-1521
	D2-1522
	D2-1523
	D2-1524
	D2-1525
	D2-1531
	D2-1541
	D2-1551
	D2-1552
	D2-1561
	D2-1562
	D2-1571
	D2-1581
類	D2-1582
	D2-1591
	D2-1611
	D2-1612
	D2-1613
	D2-1614
	D2-1621
	D2-1622
廬	D2-1623
	D2-1624
輦	D2-1625
	D2-1631
	D2-1641
勒	D2-1642
	D2-1643
	D2-1644
臘	D2-1651
	D2-1652
洛	D2-1653
	D2-1661
	D2-1662
烙	D2-1663
例	D2-1664
禮	D2-1671
隸	D2-1672
醴	D2-1673
	D2-1674
	D2-1675
	D2-1681
丹	D2-1682
	D2-1691
	D2-1692
	D2-1693
說	D2-1701
廉	D2-1702
	D2-1703
	D2-1704
菉	D2-1705
蠟	D2-1706
	D2-1711
	D2-1721
	D2-1722
	D2-1723
	D2-1724
	D2-1731
錄	D2-1732
	D2-1733
	D2-1734
轢	D2-1741
旅	D2-1742
	D2-1743
	D2-1744
	D2-1745
	D2-1751
朗	D2-1752
	D2-1753
	D2-1754
年	D2-1755
	D2-1756
	D2-1771
	D2-1772
	D2-1773
	D2-1774
	D2-1775
	D2-1776
	D2-1781
	D2-1782
	D2-1783
	D2-1784
泥	D2-1791
	D2-1801
	D2-1802
	D2-1803
	D2-1804
	D2-1805
	D2-1811
	D2-1812
	D2-1813
	D2-1821
	D2-1822
	D2-1831
	D2-1832
	D2-1841
	D2-1842
	D2-1843
	D2-1844
	D2-1851
	D2-1852
	D2-1853
	D2-1854
	D2-1855
	D2-1861
	D2-1862
	D2-1871
蓮	D2-1872
	D2-1881
	D2-1882
	D2-1883
	D2-1891
	D2-1892
	D2-1901
	D2-1902
	D2-1903
龜	D2-1904
	D2-1905
	D2-1906
	D2-1911
	D2-1912
	D2-1913
	D2-1921
	D2-1922
	D2-1923
	D2-1924
	D2-1931
	D2-1951
	D2-1952
溺	D2-1953
	D2-1961
說	D2-1962
	D2-1971
	D2-1972
	D2-1973
	D2-1974
	D2-1975
	D2-1976
	D2-1981
	D2-1982
	D2-1983
	D2-1991
	D2-1992
	D2-2001
	D2-2002
	D2-2003
	D2-2004
	D2-2005
	D2-2006
	D2-2011
	D2-2012
	D2-2013
肋	D2-2014
	D2-2021
	D2-2022
	D2-2023
寮	D2-2041
	D2-2042
	D2-2043
	D2-2044
	D2-2045
	D2-2051
	D2-2052
契	D2-2053
	D2-2054
	D2-2055
	D2-2056
	D2-2061
	D2-2062
	D2-2063
	D2-2064
	D2-2071
凜	D2-2072
	D2-2081
	D2-2082
瑩	D2-2083
	D2-2084
	D2-2091
羚	D2-2101
	D2-2102
	D2-2111
	D2-2112
	D2-2113
	D2-2114
	D2-2115
	D2-2121
	D2-2122
	D2-2123
	D2-2141
	D2-2142
	D2-2151
	D2-2152
	D2-2153
	D2-2154
聆	D2-2155
	D2-2161
鹿	D2-2162
凌	D2-2163
寧	D2-2164
	D2-2165
	D2-2166
	D2-2167
	D2-2171
憐	D2-2191
濾	D2-2201
連	D2-2202
	D2-2203
	D2-2204
	D2-2205
	D2-2206
	D2-2211
	D2-2212
	D2-2213
吝	D2-2214
	D2-2215
	D2-2216
	D2-2221
稜	D2-2222
	D2-2223
	D2-2231
戀	D2-2232
	D2-2233
	D2-2234
	D2-2241
	D2-2242
	D2-2243
	D2-2244
	D2-2245
	D2-2251
	D2-2252
	D2-2253
	D2-2261
	D2-2262
	D2-2263
	D2-2264
糧	D2-2271
	D2-2272
	D2-2273
	D2-2281
	D2-2282
	D2-2283
	D2-2284
	D2-2285
	D2-2291
	D2-2292
	D2-2293
	D2-2294
	D2-2301
	D2-2302
	D2-2303
	D2-2304
撚	D2-2311
	D2-2321
遼	D2-2331
龍	D2-2332
礪	D2-2333
	D2-2341
索	D2-2342
綾	D2-2343
	D2-2351
	D2-2352
	D2-2353
	D2-2354
	D2-2355
	D2-2356
豈	D2-2361
	D2-2362
	D2-2363
	D2-2364
	D2-2371
	D2-2372
	D2-2381
	D2-2382
	D2-2391
	D2-2392
	D2-2393
	D2-2394
	D2-2395
	D2-2401
	D2-2402
	D2-2403
奈	D2-2411
金	D2-2412
滑	D2-2413
	D2-2421
	D2-2422
	D2-2431
	D2-2432
	D2-2433
	D2-2434
	D2-2441
弄	D2-2442
	D2-2443
	D2-2444
鈴	D2-2445
	D2-2446
	D2-2451
	D2-2452
理	D2-2453
	D2-2461
	D2-2462
	D2-2463
	D2-2464
	D2-2465
六	D2-2471
	D2-2472
	D2-2473
	D2-2474
	D2-2481
	D2-2482
	D2-2483
	D2-2484
	D2-2491
	D2-2492
	D2-2501
	D2-2502
	D2-2511
	D2-2521
牢	D2-2522
	D2-2523
磊	D2-2531
	D2-2532
	D2-2533
	D2-2534
	D2-2541
	D2-2542
	D2-2543
	D2-2544
略	D2-2551
	D2-2552
	D2-2553
	D2-2554
	D2-2555
	D2-2556
	D2-2561
	D2-2562
	D2-2563
	D2-2564
	D2-2565
	D2-2571
	D2-2581
率	D2-2582
	D2-2583
	D2-2584
零	D2-2591
	D2-2592
	D2-2593
	D2-2594
	D2-2595
	D2-2596
	D2-2601
	D2-2602
	D2-2603
	D2-2604
	D2-2621
	D2-2631
	D2-2632
浪	D2-2633
	D2-2634
	D2-2635
	D2-2636
寧	D2-2641
	D2-2642
	D2-2643
賂	D2-2644
懶	D2-2645
	D2-2646
	D2-2647
	D2-2651
	D2-2652
	D2-2653
	D2-2661
	D2-2662
	D2-2663
	D2-2664
	D2-2665
	D2-2671
	D2-2672
	D2-2673
	D2-2674
	D2-2681
	D2-2682
	D2-2683
	D2-2684
	D2-2685
	D2-2691
	D2-2692
	D2-2693
	D2-2701
	D2-2702
	D2-2703
	D2-2704
亮	D2-2711
鍊	D2-2712
朗	D2-2713
	D2-2714
嶺	D2-2721
列	D2-2722
漣	D2-2723
劣	D2-2724
	D2-2725
	D2-2726
	D2-2731
煉	D2-2732
	D2-2733
兩	D2-2734
	D2-2741
	D2-2742
	D2-2751
	D2-2752
	D2-2753
	D2-2754
	D2-2761
	D2-2762
	D2-2763
	D2-2764
	D2-2771
	D2-2772
	D2-2781
	D2-2782
暈	D2-2791
律	D2-2792
戮	D2-2793
	D2-2794
咽	D2-2801
	D2-2802
	D2-2803
	D2-2811
玲	D2-2812
捻	D2-2821
	D2-2831
葉	D2-2832
	D2-2833
尿	D2-2834
菱	D2-2835
	D2-2836
	D2-2837
參	D2-2841
	D2-2842
	D2-2843
	D2-2851
	D2-2852
	D2-2853
	D2-2854
	D2-2855
	D2-2856
	D2-2857
	D2-2861
	D2-2862
	D2-2871
	D2-2872
	D2-2873
	D2-2874
	D2-2875
	D2-2876
	D2-2877
	D2-2881
	D2-2882
	D2-2891
	D2-2892
	D2-2893
	D2-2894
	D2-2895
	D2-2901
	D2-2902
	D2-2911
陵	D2-2921
	D2-2922
	D2-2923
	D2-2931
	D2-2932
狼	D2-2933
	D2-2941
	D2-2951
	D2-2952
	D2-2953
	D2-2954
	D2-2961
	D2-2962
	D2-2963
	D2-2964
	D2-2965
	D2-2966
	D2-2971
	D2-2972
	D2-2973
	D2-2974
	D2-2975
	D2-2976
	D2-2981
驪	D2-2982
	D2-2983
	D2-2991
	D2-2992
	D2-2993
	D2-2994
	D2-3001
	D2-3002
	D2-3003
	D2-3004
	D2-3011
	D2-3012
	D2-3013
異	D2-3014
塞	D2-3015
	D2-3021
	D2-3022
	D2-3023
	D2-3024
	D2-3025
	D2-3026
	D2-3031
	D2-3032
	D2-3033
	D2-3034
	D2-3041
	D2-3042
	D2-3043
	D2-3044
磻	D2-3045
屢	D2-3046
	D2-3047
	D2-3051
	D2-3052
	D2-3053
	D2-3054
	D2-3061
	D2-3062
	D2-3071
	D2-3072
	D2-3073
	D2-3074
	D2-3075
	D2-3081
	D2-3082
	D2-3091
	D2-3092
	D2-3093
	D2-3094
	D2-3101
	D2-3102
	D2-3103
	D2-3104
	D2-3105
	D2-3106
	D2-3107
	D2-3108
	D2-3111
	D2-3112
	D2-3121
	D2-3141
	D2-3142
	D2-3143
	D2-3151
	D2-3152
	D2-3153
	D2-3181
	D2-3182
	D2-3221
	D2-3241
	D2-3261
	D2-3271
	D2-3272
	D2-3273
	D2-3281
	D2-3282
